cpu,,,,
Intel Core i7-8700K 3.7 GHz (6 cores),,,,
Intel Core i3-7350K 4.2 GHz (2 cores),,,,
Intel Core i5-8600K 3.6 GHz (6 cores),,,,
Intel Core i7-7700K 4.2 GHz (4 cores),,,,
Intel Core i3-8350K 4.0 GHz (4 cores),,,,
Intel Core i9-7900X 3.3 GHz (10 cores),,,,
Intel Core i7-8700 3.2 GHz (6 cores),,,,
Intel Core i5-7600K 3.8 GHz (4 cores),,,,
Intel Core i7-7820X 3.6 GHz (8 cores),,,,
Intel Core i7-6700K 4.0 GHz (4 cores),,,,
Intel Xeon W-2150B 3.0 GHz (10 cores),,,,
Intel Core i7-7800X 3.5 GHz (6 cores),,,,
Intel Core i5-6600K 3.5 GHz (4 cores),,,,
Intel Xeon W-2140B 3.2 GHz (8 cores),,,,
Intel Core i5-8400 2.8 GHz (6 cores),,,,
Intel Core i7-4790K 4.0 GHz (4 cores),,,,
Intel Core i7-7700 3.6 GHz (4 cores),,,,
Intel Core i5-5675C 3.1 GHz (4 cores),,,,
Intel Core i5-7600 3.5 GHz (4 cores),,,,
Intel Core i7-5775C 3.3 GHz (4 cores),,,,
Intel Core i3-7300 4.0 GHz (2 cores),,,,
Intel Core i7-7820HK 2.9 GHz (4 cores),,,,
Intel Xeon E3-1505M v6 3.0 GHz (4 cores),,,,
Intel Core i3-6320 3.9 GHz (2 cores),,,,
Intel Core i7-8650U 1.9 GHz (4 cores),,,,
Intel Core i5-4690K 3.5 GHz (4 cores),,,,
Intel Core i7-7567U 3.5 GHz (2 cores),,,,
Intel Core i7-6850K 3.6 GHz (6 cores),,,,
Intel Core i7-6900K 3.2 GHz (8 cores),,,,
Intel Core i7-4770K 3.5 GHz (4 cores),,,,
Intel Core i7-6700 3.4 GHz (4 cores),,,,
Intel Core i7-6950X 3.0 GHz (10 cores),,,,
Intel Core i7-5960X 3.0 GHz (8 cores),,,,
Intel Core i7-5775R 3.3 GHz (4 cores),,,,
Intel Core i3-6300 3.8 GHz (2 cores),,,,
Intel Core i7-5930K 3.5 GHz (6 cores),,,,
Intel Core i5-4670K 3.4 GHz (4 cores),,,,
Intel Xeon E3-1260L v5 2.9 GHz (4 cores),,,,
Intel Xeon E3-1270 v5 3.6 GHz (4 cores),,,,
Intel Xeon E3-1545M v5 2.9 GHz (4 cores),,,,
Intel Core i7-7700T 2.9 GHz (4 cores),,,,
Intel Core i3-8100 3.6 GHz (4 cores),,,,
Intel Core i3-7100 3.9 GHz (2 cores),,,,
Intel Xeon E3-1245 v5 3.5 GHz (4 cores),,,,
Intel Core i5-7500 3.4 GHz (4 cores),,,,
Intel Core i7-6800K 3.4 GHz (6 cores),,,,
Intel Core i5-6600 3.3 GHz (4 cores),,,,
AMD Ryzen Threadripper 1950X 3.4 GHz (16 cores),,,,
Intel Xeon E3-1285L v3 3.1 GHz (4 cores),,,,
Intel Core i7-4980HQ 2.8 GHz (4 cores),,,,
Intel Xeon E3-1230 v5 3.4 GHz (4 cores),,,,
Intel Core i7-7600U 2.8 GHz (2 cores),,,,
Intel Core i7-6820HK 2.7 GHz (4 cores),,,,
Intel Xeon E3-1240 v5 3.5 GHz (4 cores),,,,
Intel Core i7-5820K 3.3 GHz (6 cores),,,,
Intel Core i7-7660U 2.5 GHz (2 cores),,,,
Intel Xeon E3-1276 v3 3.6 GHz (4 cores),,,,
Intel Xeon E3-1275 v3 3.5 GHz (4 cores),,,,
Intel Core i7-6920HQ 2.9 GHz (4 cores),,,,
Intel Core i7-8550U 1.8 GHz (4 cores),,,,
Intel Core i3-6100 3.7 GHz (2 cores),,,,
Intel Core i7-4940MX 3.1 GHz (4 cores),,,,
Intel Core i7-7920HQ 3.1 GHz (4 cores),,,,
Intel Core i7-4790 3.6 GHz (4 cores),,,,
Intel Xeon E3-1246 v3 3.5 GHz (4 cores),,,,
Intel Core i5-7360U 2.3 GHz (2 cores),,,,
AMD Ryzen Threadripper 1920X 3.5 GHz (12 cores),,,,
Intel Xeon E3-1241 v3 3.5 GHz (4 cores),,,,
AMD Ryzen 7 1800X 3.6 GHz (8 cores),,,,
Intel Core i7-7560U 2.4 GHz (2 cores),,,,
Intel Xeon E3-1271 v3 3.6 GHz (4 cores),,,,
Intel Core i7-7820HQ 2.9 GHz (4 cores),,,,
Intel Core i7-4770R 3.2 GHz (4 cores),,,,
Intel Xeon E5-1650 v4 3.6 GHz (6 cores),,,,
Intel Core i5-6500 3.2 GHz (4 cores),,,,
AMD Ryzen 5 1600X 3.6 GHz (6 cores),,,,
Intel Core i7-4771 3.5 GHz (4 cores),,,,
Intel Core i7-6700T 2.8 GHz (4 cores),,,,
Intel Xeon E5-2637 v4 3.5 GHz (4 cores),,,,
Intel Xeon E3-1535M v5 2.9 GHz (4 cores),,,,
Intel Core i5-4690 3.5 GHz (4 cores),,,,
Intel Core i3-4370 3.8 GHz (2 cores),,,,
Intel Xeon E5-1650 v3 3.5 GHz (6 cores),,,,
Intel Core i5-5675R 3.1 GHz (4 cores),,,,
Intel Core i7-4770 3.4 GHz (4 cores),,,,
Intel Core i7-4930MX 3.0 GHz (4 cores),,,,
Intel Core i7-7700HQ 2.8 GHz (4 cores),,,,
Intel Core i7-3770K 3.5 GHz (4 cores),,,,
Intel Xeon E3-1265L v3 2.5 GHz (4 cores),,,,
Intel Core i7-4790S 3.2 GHz (4 cores),,,,
Intel Xeon E3-1240 v3 3.4 GHz (4 cores),,,,
Intel Core i7-6770HQ 2.6 GHz (4 cores),,,,
Intel Core i7-5950HQ 2.9 GHz (4 cores),,,,
Intel Core i5-6287U 3.1 GHz (2 cores),,,,
Intel Core i5-6600T 2.7 GHz (4 cores),,,,
Intel Xeon E3-1231 v3 3.4 GHz (4 cores),,,,
AMD Ryzen 7 1700X 3.4 GHz (8 cores),,,,
Intel Core i5-7400 3.0 GHz (4 cores),,,,
Intel Core i7-4910MQ 2.9 GHz (4 cores),,,,
Intel Core i3-4340 3.6 GHz (2 cores),,,,
Intel Xeon E5-1620 v4 3.5 GHz (4 cores),,,,
Intel Core i7-4960HQ 2.6 GHz (4 cores),,,,
Intel Xeon E3-1245 v3 3.4 GHz (4 cores),,,,
Intel Core i5-7260U 2.2 GHz (2 cores),,,,
Intel Xeon E3-1505M v5 2.8 GHz (4 cores),,,,
Intel Xeon E3-1270 v3 3.5 GHz (4 cores),,,,
Intel Core i3-7100T 3.4 GHz (2 cores),,,,
Intel Core i5-4670 3.4 GHz (4 cores),,,,
Intel Core i7-6567U 3.3 GHz (2 cores),,,,
Intel Core i7-4770T 2.5 GHz (4 cores),,,,
Intel Xeon E3-1230 v3 3.3 GHz (4 cores),,,,
Intel Core i5-8250U 1.6 GHz (4 cores),,,,
Intel Core i5-3570K 3.4 GHz (4 cores),,,,
AMD Ryzen 5 1500X 3.5 GHz (4 cores),,,,
Intel Pentium G4600 3.6 GHz (2 cores),,,,
Intel Core i3-4360 3.7 GHz (2 cores),,,,
Intel Xeon E5-1620 v3 3.5 GHz (4 cores),,,,
Intel Xeon E5-1660 v2 3.7 GHz (6 cores),,,,
Intel Core i7-6820HQ 2.7 GHz (4 cores),,,,
Intel Core i5-4690S 3.2 GHz (4 cores),,,,
Intel Pentium G4500 3.5 GHz (2 cores),,,,
Intel Core i7-7500U 2.7 GHz (2 cores),,,,
Intel Core i3-6098P 3.6 GHz (2 cores),,,,
Intel Core i5-5575R 2.8 GHz (4 cores),,,,
Intel Core i5-6402P 2.8 GHz (4 cores),,,,
Intel Core i7-4870HQ 2.5 GHz (4 cores),,,,
Intel Core i7-4790T 2.7 GHz (4 cores),,,,
Intel Pentium G4560 3.5 GHz (2 cores),,,,
Intel Core i7-4860HQ 2.4 GHz (4 cores),,,,
Intel Core i5-2550K 3.4 GHz (4 cores),,,,
Intel Core i7-4810MQ 2.8 GHz (4 cores),,,,
AMD Ryzen 3 1300X 3.5 GHz (4 cores),,,,
Intel Core i5-4590 3.3 GHz (4 cores),,,,
Intel Xeon E5-2696 v3 2.3 GHz (18 cores),,,,
Intel Core i7-2700K 3.5 GHz (4 cores),,,,
Intel Core i3-4350 3.6 GHz (2 cores),,,,
Intel Core i7-4960X 3.6 GHz (6 cores),,,,
AMD Ryzen 7 1700 3.0 GHz (8 cores),,,,
Intel Core i5-6400 2.7 GHz (4 cores),,,,
Intel Core i7-4770S 3.1 GHz (4 cores),,,,
AMD Ryzen 5 1600 3.2 GHz (6 cores),,,,
Intel Xeon E3-1280 V2 3.6 GHz (4 cores),,,,
Intel Core i5-4570 3.2 GHz (4 cores),,,,
Intel Core i5-7300U 2.6 GHz (2 cores),,,,
Intel Core i3-4170 3.7 GHz (2 cores),,,,
Intel Core i5-7267U 3.1 GHz (2 cores),,,,
Intel Core i7-3960X 3.3 GHz (6 cores),,,,
Intel Xeon E5-1680 v2 3.0 GHz (8 cores),,,,
Intel Xeon E3-1270 V2 3.5 GHz (4 cores),,,,
Intel Core i7-2600K 3.4 GHz (4 cores),,,,
Intel Core i7-4610M 3.0 GHz (2 cores),,,,
Intel Xeon E3-1280 v3 3.6 GHz (4 cores),,,,
Intel Core i5-6440HQ 2.6 GHz (4 cores),,,,
Intel Core i5-2500K 3.3 GHz (4 cores),,,,
Intel Core i5-4590S 3.0 GHz (4 cores),,,,
Intel Core i5-4570S 2.9 GHz (4 cores),,,,
Intel Pentium G3258 3.2 GHz (2 cores),,,,
Intel Core i5-7300HQ 2.5 GHz (4 cores),,,,
Intel Core i7-3970X 3.5 GHz (6 cores),,,,
Intel Core i7-4930K 3.4 GHz (6 cores),,,,
Intel Core i7-5700HQ 2.7 GHz (4 cores),,,,
Intel Core i7-4900MQ 2.8 GHz (4 cores),,,,
Intel Core i5-6267U 2.9 GHz (2 cores),,,,
Intel Core i3-4160 3.6 GHz (2 cores),,,,
Intel Xeon E5-2687W v4 3.0 GHz (12 cores),,,,
Intel Core i7-3770 3.4 GHz (4 cores),,,,
Intel Core i3-4330 3.5 GHz (2 cores),,,,
Intel Core i7-6700HQ 2.6 GHz (4 cores),,,,
Intel Pentium G4400 3.3 GHz (2 cores),,,,
Intel Xeon E3-1220 v3 3.1 GHz (4 cores),,,,
Intel Xeon E3-1245 V2 3.4 GHz (4 cores),,,,
Intel Core i7-4820K 3.7 GHz (4 cores),,,,
Intel Core i7-5557U 3.1 GHz (2 cores),,,,
Intel Core i7-4800MQ 2.7 GHz (4 cores),,,,
Intel Xeon E5-2667 v2 3.3 GHz (8 cores),,,,
Intel Core i7-3930K 3.2 GHz (6 cores),,,,
Intel Xeon E3-1275 v2 3.5 GHz (4 cores),,,,
Intel Xeon E5-2667 v4 3.2 GHz (8 cores),,,,
Intel Xeon E5-2697 v3 2.6 GHz (14 cores),,,,
Intel Core i7-6700TE 2.4 GHz (4 cores),,,,
Intel Core i7-4770HQ 2.2 GHz (4 cores),,,,
Intel Xeon E5-2690 v4 2.6 GHz (14 cores),,,,
Intel Core i5-4460 3.2 GHz (4 cores),,,,
Intel Core i7-6660U 2.4 GHz (2 cores),,,,
Intel Xeon E3-1240 v2 3.4 GHz (4 cores),,,,
Intel Core i5-3570 3.4 GHz (4 cores),,,,
Intel Core i3-4150 3.5 GHz (2 cores),,,,
Intel Xeon E3-1225 v3 3.2 GHz (4 cores),,,,
Intel Core i7-6650U 2.2 GHz (2 cores),,,,
Intel Core i7-3770S 3.1 GHz (4 cores),,,,
Intel Core i3-6100T 3.2 GHz (2 cores),,,,
Intel Core i5-6500T 2.5 GHz (4 cores),,,,
AMD Ryzen 3 1200 3.1 GHz (4 cores),,,,
Intel Core i7-4720HQ 2.6 GHz (4 cores),,,,
AMD Ryzen 5 1400 3.2 GHz (4 cores),,,,
Intel Xeon E5-2696 v4 2.2 GHz (22 cores),,,,
Intel Core i5-4308U 2.8 GHz (2 cores),,,,
Intel Core i5-3550 3.3 GHz (4 cores),,,,
Intel Core i7-3840QM 2.8 GHz (4 cores),,,,
Intel Core i7-4850HQ 2.3 GHz (4 cores),,,,
Intel Core i5-5287U 2.9 GHz (2 cores),,,,
Intel Xeon E5-1620 v2 3.7 GHz (4 cores),,,,
Intel Xeon E3-1230V2 3.3 GHz (4 cores),,,,
Intel Xeon E5-1660 3.3 GHz (6 cores),,,,
Intel Xeon E5-2643 v4 3.4 GHz (6 cores),,,,
Intel Core i5-4440 3.1 GHz (4 cores),,,,
Intel Xeon E5-1650 v2 3.5 GHz (6 cores),,,,
Intel Core i7-6560U 2.2 GHz (2 cores),,,,
Intel Xeon E3-1225 V2 3.2 GHz (4 cores),,,,
Intel Core i7-3820 3.6 GHz (4 cores),,,,
Intel Core i3-4130 3.4 GHz (2 cores),,,,
Intel Xeon E3-1280 3.5 GHz (4 cores),,,,
Intel Core i5-6360U 2.0 GHz (2 cores),,,,
Intel Core i7-3770T 2.5 GHz (4 cores),,,,
Intel Core i7-4710MQ 2.5 GHz (4 cores),,,,
Intel Core i7-4578U 3.0 GHz (2 cores),,,,
Intel Core i5-4570T 2.9 GHz (2 cores),,,,
Intel Core i7-4710HQ 2.5 GHz (4 cores),,,,
Intel Core i5-3570S 3.1 GHz (4 cores),,,,
Intel Xeon E5-2690 v3 2.6 GHz (12 cores),,,,
Intel Core i7-4700EQ 2.4 GHz (4 cores),,,,
Intel Core i7-6600U 2.6 GHz (2 cores),,,,
Intel Core i5-3550S 3.0 GHz (4 cores),,,,
Intel Core i3-4330T 3.0 GHz (2 cores),,,,
Intel Core i5-4430 3.0 GHz (4 cores),,,,
Intel Xeon E5-2687W v2 3.4 GHz (8 cores),,,,
Intel Core i5-4460S 2.9 GHz (4 cores),,,,
Intel Xeon E5-1650 3.2 GHz (6 cores),,,,
Intel Xeon E5-2680 v4 2.4 GHz (14 cores),,,,
Intel Xeon E5-2686 v3 2.0 GHz (18 cores),,,,
Intel Core i7-4700HQ 2.4 GHz (4 cores),,,,
Intel Core i7-3940XM 3.0 GHz (4 cores),,,,
Intel Core i7-4600M 2.9 GHz (2 cores),,,,
Intel Core i7-4785T 2.2 GHz (4 cores),,,,
Intel Core i5-3450S 2.8 GHz (4 cores),,,,
Intel Core i5-3470 3.2 GHz (4 cores),,,,
Intel Core i5-4570R 2.7 GHz (4 cores),,,,
Intel Pentium G3460 3.5 GHz (2 cores),,,,
Intel Core i7-4750HQ 2.0 GHz (4 cores),,,,
Intel Xeon E5-2687W v3 3.1 GHz (10 cores),,,,
Intel Core i5-6300HQ 2.3 GHz (4 cores),,,,
Intel Core i3-4170T 3.2 GHz (2 cores),,,,
Intel Core i7-2600 3.4 GHz (4 cores),,,,
Intel Core i5-3475S 2.9 GHz (4 cores),,,,
Intel Core i5-4670T 2.3 GHz (4 cores),,,,
Intel Core i5-4200H 2.8 GHz (2 cores),,,,
Intel Celeron G3900 2.8 GHz (2 cores),,,,
Intel Core i7-4700MQ 2.4 GHz (4 cores),,,,
Intel Core i5-3450 3.1 GHz (4 cores),,,,
Intel Core i7-4712MQ 2.3 GHz (4 cores),,,,
Intel Xeon E5-2697 v4 2.3 GHz (18 cores),,,,
Intel Core i7-6500U 2.5 GHz (2 cores),,,,
Intel Xeon E5-1620 3.6 GHz (4 cores),,,,
Intel Core i7-5600U 2.6 GHz (2 cores),,,,
Intel Core i5-4210H 2.9 GHz (2 cores),,,,
Intel Xeon E5-2687W 3.1 GHz (8 cores),,,,
Intel Xeon E3-1270 3.4 GHz (4 cores),,,,
Intel Core i5-3470S 2.9 GHz (4 cores),,,,
Intel Core i5-6260U 1.8 GHz (2 cores),,,,
Intel Xeon E5-2678 v3 2.5 GHz (12 cores),,,,
Intel Xeon E5-2640 v4 2.4 GHz (10 cores),,,,
Intel Core i7-5650U 2.2 GHz (2 cores),,,,
Intel Xeon E3-1245 3.3 GHz (4 cores),,,,
Intel Pentium G3430 3.3 GHz (2 cores),,,,
Intel Core i5-5257U 2.7 GHz (2 cores),,,,
Intel Core i5-4300M 2.6 GHz (2 cores),,,,
Intel Xeon E5-2637 v2 3.5 GHz (4 cores),,,,
Intel Core i5-4278U 2.6 GHz (2 cores),,,,
Intel Core i5-2500 3.3 GHz (4 cores),,,,
Intel Xeon E5-2640 v3 2.6 GHz (8 cores),,,,
Intel Core i5-3470T 2.9 GHz (2 cores),,,,
Intel Xeon E3-1226 v3 3.3 GHz (4 cores),,,,
Intel Pentium G3450 3.4 GHz (2 cores),,,,
Intel Core i7-3720QM 2.6 GHz (4 cores),,,,
Intel Core i7-2600S 2.8 GHz (4 cores),,,,
Intel Xeon E5-2623 v3 3.0 GHz (4 cores),,,,
Intel Core i5-7200U 2.5 GHz (2 cores),,,,
Intel Xeon E3-1220 v2 3.1 GHz (4 cores),,,,
Intel Core i5-6400T 2.2 GHz (4 cores),,,,
Intel Core i5-3570T 2.3 GHz (4 cores),,,,
Intel Core m5-6Y57 1.1 GHz (2 cores),,,,
Intel Core i5-2450P 3.2 GHz (4 cores),,,,
Intel Core i7-4650U 1.7 GHz (2 cores),,,,
Intel Core i7-3740QM 2.7 GHz (4 cores),,,,
Intel Core i7-4558U 2.8 GHz (2 cores),,,,
Intel Core i7-4702MQ 2.2 GHz (4 cores),,,,
Intel Core i5-2500S 2.7 GHz (4 cores),,,,
Intel Core i7-4712HQ 2.3 GHz (4 cores),,,,
Intel Core i5-5350U 1.8 GHz (2 cores),,,,
Intel Xeon E3-1240 3.3 GHz (4 cores),,,,
Intel Core i7-3540M 3.0 GHz (2 cores),,,,
Intel Core i5-4670S 3.1 GHz (4 cores),,,,
Intel Core i5-4310M 2.7 GHz (2 cores),,,,
Intel Core i5-6300U 2.4 GHz (2 cores),,,,
Intel Core i7-3820QM 2.7 GHz (4 cores),,,,
Intel Xeon E3-1230 3.2 GHz (4 cores),,,,
Intel Core i5-3350P 3.1 GHz (4 cores),,,,
Intel Pentium G3420 3.2 GHz (2 cores),,,,
Intel Pentium G3260 3.3 GHz (2 cores),,,,
Intel Core i5-3380M 2.9 GHz (2 cores),,,,
Intel Xeon E5-2620 v3 2.4 GHz (6 cores),,,,
Intel Xeon E3-1235 3.2 GHz (4 cores),,,,
Intel Core i5-3335S 2.7 GHz (4 cores),,,,
Intel Xeon E5-2630 v3 2.4 GHz (8 cores),,,,
Intel Xeon E5-2643 3.3 GHz (4 cores),,,,
Intel Core i7-4765T 2.0 GHz (4 cores),,,,
Intel Core i7-2920XM 2.5 GHz (4 cores),,,,
Intel Core i5-3340S 2.8 GHz (4 cores),,,,
Intel Xeon E3-1225 3.1 GHz (4 cores),,,,
Intel Core i5-4210M 2.6 GHz (2 cores),,,,
Intel Core i7-4702HQ 2.2 GHz (4 cores),,,,
Intel Core i7-3520M 2.9 GHz (2 cores),,,,
Intel Core i7-3610QE 2.3 GHz (4 cores),,,,
Intel Core i5-2400 3.1 GHz (4 cores),,,,
Intel Core i3-4130T 2.9 GHz (2 cores),,,,
Intel Core i5-4350U 1.4 GHz (2 cores),,,,
Intel Core i5-2380P 3.1 GHz (4 cores),,,,
Intel Xeon E5-2683 v3 2.0 GHz (14 cores),,,,
Intel Core i5-4430S 2.7 GHz (4 cores),,,,
Intel Core i5-3340 3.1 GHz (4 cores),,,,
Intel Xeon E5-2690 2.9 GHz (8 cores),,,,
Intel Core i5-4590T 2.0 GHz (4 cores),,,,
Intel Core i5-4288U 2.6 GHz (2 cores),,,,
Intel Core i7-4600U 2.1 GHz (2 cores),,,,
Intel Core i3-3250 3.5 GHz (2 cores),,,,
Intel Core i7-3630QM 2.4 GHz (4 cores),,,,
Intel Core i5-3330 3.0 GHz (4 cores),,,,
Intel Core i5-4258U 2.4 GHz (2 cores),,,,
Intel Xeon E5-2686 v4 2.3 GHz (8 cores),,,,
Intel Xeon E5-2680 v2 2.8 GHz (10 cores),,,,
Intel Xeon W3690 3.5 GHz (6 cores),,,,
Intel Xeon E5-2650 v3 2.3 GHz (10 cores),,,,
Intel Core i5-4200M 2.5 GHz (2 cores),,,,
Intel Xeon E5-2630 v4 2.2 GHz (10 cores),,,,
Intel Core i5-3360M 2.8 GHz (2 cores),,,,
Intel Core i3-3245 3.4 GHz (2 cores),,,,
Intel Core i7-3615QM 2.3 GHz (4 cores),,,,
Intel Core i7-990X 3.5 GHz (6 cores),,,,
Intel Core i5-3330S 2.7 GHz (4 cores),,,,
Intel Core i5-6200U 2.3 GHz (2 cores),,,,
Intel Xeon E5-2667 2.9 GHz (6 cores),,,,
Intel Core i7-7Y75 1.3 GHz (2 cores),,,,
Intel Core i7-5500U 2.4 GHz (2 cores),,,,
Intel Pentium G3250 3.2 GHz (2 cores),,,,
Intel Xeon E3-1220 3.1 GHz (4 cores),,,,
Intel Core i3-3225 3.3 GHz (2 cores),,,,
Intel Core i3-3240 3.4 GHz (2 cores),,,,
Intel Xeon E3-1265L v2 2.5 GHz (4 cores),,,,
Intel Core i5-2320 3.0 GHz (4 cores),,,,
Intel Core i7-3610QM 2.3 GHz (4 cores),,,,
Intel Core i7-2960XM 2.7 GHz (4 cores),,,,
AMD FX-9590 4.7 GHz (8 cores),,,,
Intel Xeon E5-2670 v3 2.3 GHz (12 cores),,,,
Intel Xeon E5-2676 v3 2.4 GHz (2 cores),,,,
Intel Xeon E5-2690 v2 3.0 GHz (10 cores),,,,
Intel Core i5-5300U 2.3 GHz (2 cores),,,,
Intel Pentium G3240 3.1 GHz (2 cores),,,,
Intel Core i7-4510U 2.0 GHz (2 cores),,,,
Intel Core i3-3220 3.3 GHz (2 cores),,,,
Intel Xeon 2.2 GHz (4 cores),,,,
Intel Core i5-3340M 2.7 GHz (2 cores),,,,
Intel Core i5-2310 2.9 GHz (4 cores),,,,
Intel Xeon E5-2680 2.7 GHz (8 cores),,,,
Intel Core i7-4500U 1.8 GHz (2 cores),,,,
Intel Core i3-2125 3.3 GHz (2 cores),,,,
Intel Core i5-2390T 2.7 GHz (2 cores),,,,
Intel Core i7-980X 3.3 GHz (6 cores),,,,
Intel Core i7-2760QM 2.4 GHz (4 cores),,,,
Intel Pentium G3220 3.0 GHz (2 cores),,,,
Intel Core i5-3320M 2.6 GHz (2 cores),,,,
Intel Core i7-975 3.3 GHz (4 cores),,,,
Intel Xeon W3680 3.3 GHz (6 cores),,,,
Intel Xeon E5-2697 v2 2.7 GHz (12 cores),,,,
Intel Pentium G2130 3.2 GHz (2 cores),,,,
Intel Core i5-2400S 2.5 GHz (4 cores),,,,
Intel Xeon E5-1607 v2 3.0 GHz (4 cores),,,,
Intel Core i7-2640M 2.8 GHz (2 cores),,,,
Intel Core i7-2860QM 2.5 GHz (4 cores),,,,
Intel Core i3-3210 3.2 GHz (2 cores),,,,
Intel Core i5-2300 2.8 GHz (4 cores),,,,
Intel Core i3-2130 3.4 GHz (2 cores),,,,
Intel Xeon E5-2620 v4 2.1 GHz (8 cores),,,,
Intel Core i5-4300U 1.9 GHz (2 cores),,,,
Intel Xeon X5690 3.5 GHz (6 cores),,,,
Intel Core i3-7100U 2.4 GHz (2 cores),,,,
Intel Pentium G2120 3.1 GHz (2 cores),,,,
Intel Xeon E5-2670 v2 2.5 GHz (10 cores),,,,
Intel Xeon E5-2670 2.6 GHz (8 cores),,,,
Intel Xeon X5677 3.5 GHz (4 cores),,,,
Intel Core i7-3632QM 2.2 GHz (4 cores),,,,
Intel Core i7-3687U 2.1 GHz (2 cores),,,,
Intel Core i5-4310U 2.0 GHz (2 cores),,,,
Intel Core i5-5250U 1.6 GHz (2 cores),,,,
Intel Core i5-4260U 1.4 GHz (2 cores),,,,
Intel Core i7-2620M 2.7 GHz (2 cores),,,,
Intel Core i5-2405S 2.5 GHz (4 cores),,,,
Intel Core i7-3612QM 2.1 GHz (4 cores),,,,
Intel Core i5-3230M 2.6 GHz (2 cores),,,,
Intel Core i3-2120 3.3 GHz (2 cores),,,,
Intel Core i7-2820QM 2.3 GHz (4 cores),,,,
Intel Core i5-4250U 1.3 GHz (2 cores),,,,
Intel Xeon E5-1607 3.0 GHz (4 cores),,,,
AMD FX-9370 4.4 GHz (8 cores),,,,
Intel Xeon W5590 3.3 GHz (4 cores),,,,
Intel Core i7-965 3.2 GHz (4 cores),,,,
Intel Xeon X5667 3.1 GHz (4 cores),,,,
Intel Celeron G1840 2.8 GHz (2 cores),,,,
Intel Core i3-6100U 2.3 GHz (2 cores),,,,
Intel Core i5-3210M 2.5 GHz (2 cores),,,,
Intel Xeon E5-2650 v2 2.6 GHz (8 cores),,,,
Intel Xeon E3-1260L 2.4 GHz (4 cores),,,,
Intel Xeon W3580 3.3 GHz (4 cores),,,,
Intel Core i5-5200U 2.2 GHz (2 cores),,,,
Intel Core i5-2540M 2.6 GHz (2 cores),,,,
Intel Core i7-2720QM 2.2 GHz (4 cores),,,,
Intel Xeon W3570 3.2 GHz (4 cores),,,,
Intel Core i5-4460T 1.9 GHz (4 cores),,,,
Intel Xeon E5-2680 v3 2.5 GHz (4 cores),,,,
Intel Xeon X5680 3.3 GHz (6 cores),,,,
Intel Core i7-3667U 2.0 GHz (2 cores),,,,
Intel Core i7-3537U 2.0 GHz (2 cores),,,,
Intel Core i3-2100 3.1 GHz (2 cores),,,,
Intel Xeon E5-2658 v4 2.3 GHz (14 cores),,,,
Intel Xeon W5580 3.2 GHz (4 cores),,,,
Intel Xeon E5-2630 v2 2.6 GHz (6 cores),,,,
AMD FX-8370 4.0 GHz (8 cores),,,,
Intel Core i7-970 3.2 GHz (6 cores),,,,
Intel Core i5-680 3.6 GHz (2 cores),,,,
Intel Xeon E5-2650 v4 2.2 GHz (4 cores),,,,
Intel Core i3-2105 3.1 GHz (2 cores),,,,
Intel Core i3-3240T 2.9 GHz (2 cores),,,,
Intel Xeon X5675 3.1 GHz (6 cores),,,,
Intel Celeron G1820 2.7 GHz (2 cores),,,,
AMD Athlon X4 880K 4.2 GHz (2 cores),,,,
Intel Core i5-2520M 2.5 GHz (2 cores),,,,
Intel Xeon E5-1603 2.8 GHz (4 cores),,,,
Intel Core M-5Y70 1.1 GHz (2 cores),,,,
Intel Core i5-4210U 1.7 GHz (2 cores),,,,
Intel Core i7-875K 2.9 GHz (4 cores),,,,
Intel Xeon W3670 3.2 GHz (6 cores),,,,
Intel Core i7-2675QM 2.2 GHz (4 cores),,,,
Intel Xeon X5670 2.9 GHz (6 cores),,,,
Intel Core i3-4100M 2.5 GHz (2 cores),,,,
Intel Core i3-3220T 2.8 GHz (2 cores),,,,
Intel Core i7-960 3.2 GHz (4 cores),,,,
Intel Xeon W3565 3.2 GHz (4 cores),,,,
Intel Xeon E5-2665 2.4 GHz (8 cores),,,,
Intel Core i7-2670QM 2.2 GHz (4 cores),,,,
AMD A12-9800 3.8 GHz (4 cores),,,,
AMD A10-6800B 4.1 GHz (4 cores),,,,
Intel Pentium G870 3.1 GHz (2 cores),,,,
AMD FX-8350 4.0 GHz (8 cores),,,,
Intel Core m3-7Y30 1.0 GHz (2 cores),,,,
Intel Core i5-4200U 1.6 GHz (2 cores),,,,
AMD FX-4350 4.2 GHz (4 cores),,,,
Intel Pentium G850 2.9 GHz (2 cores),,,,
AMD FX-4330 4.0 GHz (2 cores),,,,
Intel Xeon E5-2640 2.5 GHz (6 cores),,,,
Intel Core M-5Y51 1.1 GHz (2 cores),,,,
Intel Core i5-2415M 2.3 GHz (2 cores),,,,
Intel Xeon E5-2660 2.2 GHz (8 cores),,,,
Intel Core i5-2450M 2.5 GHz (2 cores),,,,
Intel Pentium G2030 3.0 GHz (2 cores),,,,
Intel Pentium G2020 2.9 GHz (2 cores),,,,
Intel Xeon X5660 2.8 GHz (6 cores),,,,
Intel Core i7-880 3.1 GHz (4 cores),,,,
Intel Xeon W3550 3.1 GHz (4 cores),,,,
Intel Xeon X5570 2.9 GHz (4 cores),,,,
AMD FX-6350 3.9 GHz (6 cores),,,,
Intel Pentium G860 3.0 GHz (2 cores),,,,
Intel Core i7-950 3.1 GHz (4 cores),,,,
Intel Core i7-3635QM 2.4 GHz (4 cores),,,,
Intel Core i7-870 2.9 GHz (4 cores),,,,
Intel Celeron G1630 2.8 GHz (2 cores),,,,
Intel Core i5-2430M 2.4 GHz (2 cores),,,,
Intel Xeon X5560 2.8 GHz (4 cores),,,,
Intel Core i7-2635QM 2.0 GHz (4 cores),,,,
AMD A10-6800K 4.1 GHz (4 cores),,,,
Intel Core i5-670 3.5 GHz (2 cores),,,,
Intel Core i5-2435M 2.4 GHz (2 cores),,,,
Intel Core i5-3437U 1.9 GHz (2 cores),,,,
Intel Xeon E5-2660 v2 2.2 GHz (10 cores),,,,
Intel Xeon E5-2609 v2 2.5 GHz (4 cores),,,,
Intel Core i5-655K 3.2 GHz (2 cores),,,,
AMD FX - 4320 4.0 GHz (2 cores),,,,
Intel Core i3-4000M 2.4 GHz (2 cores),,,,
AMD Athlon X4 845 3.5 GHz (2 cores),,,,
Intel Core i7-2630QM 2.0 GHz (4 cores),,,,
Intel Core i5-3427U 1.8 GHz (2 cores),,,,
Intel Core i7-940 2.9 GHz (4 cores),,,,
Intel Pentium G2010 2.8 GHz (2 cores),,,,
Intel Xeon X3460 2.8 GHz (4 cores),,,,
Intel Core i3-5020U 2.2 GHz (2 cores),,,,
Intel Xeon X5650 2.7 GHz (6 cores),,,,
Intel Xeon E5-2630 2.3 GHz (6 cores),,,,
AMD FX-8300 3.3 GHz (8 cores),,,,
Intel Core i3-6006U 2.0 GHz (2 cores),,,,
Intel Xeon E5640 2.7 GHz (4 cores),,,,
Intel Pentium G840 2.8 GHz (2 cores),,,,
Intel Core i7-3517U 1.9 GHz (2 cores),,,,
AMD Phenom II X6 1100T Black Edition 3.7 GHz (6 cores),,,,
AMD FX-8320 3.5 GHz (8 cores),,,,
Intel Celeron G1620 2.7 GHz (2 cores),,,,
Intel Core i7-860 2.8 GHz (4 cores),,,,
Intel Xeon X5550 2.7 GHz (4 cores),,,,
Intel Core i5-2410M 2.3 GHz (2 cores),,,,
AMD A10-7870K 3.9 GHz (2 cores),,,,
Intel Xeon W3530 2.8 GHz (4 cores),,,,
Intel Pentium 4405U 2.1 GHz (2 cores),,,,
AMD FX-6300 3.5 GHz (6 cores),,,,
AMD A10-7850K 3.7 GHz (4 cores),,,,
AMD A10-6790K 4.0 GHz (4 cores),,,,
Intel Core i7-940XM 2.1 GHz (4 cores),,,,
Intel Core i5-661 3.3 GHz (2 cores),,,,
Intel Xeon E5-2650 2.0 GHz (8 cores),,,,
Intel Xeon E5-2695 v2 2.4 GHz (12 cores),,,,
AMD Athlon X4 860K 3.7 GHz (4 cores),,,,
Intel Core i7-930 2.8 GHz (4 cores),,,,
Intel Core i3-560 3.3 GHz (2 cores),,,,
Intel Pentium G645 2.9 GHz (2 cores),,,,
Intel Core i7-2617M 1.5 GHz (2 cores),,,,
Intel Core i5-3337U 1.8 GHz (2 cores),,,,
AMD A8-6600K 3.9 GHz (4 cores),,,,
Intel Core M-5Y10 800 MHz (2 cores),,,,
Intel Core i5-760 2.8 GHz (4 cores),,,,
Intel Core i3-2120T 2.6 GHz (2 cores),,,,
AMD A10-9700 3.5 GHz (4 cores),,,,
Intel Core i3-2100T 2.5 GHz (2 cores),,,,
AMD FX-8320E 3.2 GHz (8 cores),,,,
AMD A10-7700K 3.4 GHz (4 cores),,,,
Intel Core i5-650 3.2 GHz (2 cores),,,,
Intel Core i5-4300Y 1.6 GHz (2 cores),,,,
Intel Core i7-2677M 1.8 GHz (2 cores),,,,
Intel Xeon D-1541 2.1 GHz (4 cores),,,,
AMD A10-5800K 3.8 GHz (2 cores),,,,
Intel Core i5-660 3.3 GHz (2 cores),,,,
AMD Athlon X4 870K 3.9 GHz (2 cores),,,,
AMD FX-4300 3.8 GHz (4 cores),,,,
Intel Pentium G640 2.8 GHz (2 cores),,,,
AMD FX-8150 3.6 GHz (8 cores),,,,
AMD FX-4170 4.2 GHz (2 cores),,,,
AMD A10-7860K 3.6 GHz (4 cores),,,,
AMD Embedded RX-421BD 1.7 GHz (4 cores),,,,
Intel Core i3-5010U 2.1 GHz (2 cores),,,,
AMD FX-8310 3.4 GHz (4 cores),,,,
Intel Core 2 Extreme X9770 3.2 GHz (4 cores),,,,
AMD FX-6200 3.8 GHz (3 cores),,,,
Intel Pentium 2030M 2.5 GHz (2 cores),,,,
Intel Core i3-3120M 2.5 GHz (2 cores),,,,
Intel Celeron G1610 2.6 GHz (2 cores),,,,
Intel Pentium G3220T 2.6 GHz (2 cores),,,,
AMD FX-9830P 3.0 GHz (4 cores),,,,
Intel Xeon W3520 2.7 GHz (4 cores),,,,
AMD Athlon X4 840 3.1 GHz (4 cores),,,,
AMD Athlon X2 370K 4.1 GHz (1 core),,,,
Intel Core i7-920 2.7 GHz (4 cores),,,,
AMD Athlon X4 760K 3.8 GHz (4 cores),,,,
Intel Pentium G2030T 2.6 GHz (2 cores),,,,
Intel Pentium G2020T 2.5 GHz (2 cores),,,,
Intel Core M-5Y10c 800 MHz (2 cores),,,,
Intel Core i5-750 2.7 GHz (4 cores),,,,
Intel Xeon W3540 2.9 GHz (4 cores),,,,
AMD A10-6700 3.7 GHz (4 cores),,,,
Intel Core i3-5015U 2.1 GHz (2 cores),,,,
AMD A10-8750 3.6 GHz (4 cores),,,,
AMD A8-7650K 3.3 GHz (4 cores),,,,
Intel Xeon E5-2430 v2 2.5 GHz (6 cores),,,,
Intel Core i7-640M 2.8 GHz (2 cores),,,,
Intel Core i5-3317U 1.7 GHz (2 cores),,,,
Intel Core i7-2637M 1.7 GHz (2 cores),,,,
AMD A10-7800 3.5 GHz (4 cores),,,,
AMD Phenom II X4 980 3.7 GHz (4 cores),,,,
Intel Xeon X3450 2.7 GHz (4 cores),,,,
AMD Athlon X4 750K 3.4 GHz (4 cores),,,,
Intel Core M-5Y10a 800 MHz (2 cores),,,,
AMD A8-5600K 3.6 GHz (4 cores),,,,
AMD FX-6120 3.5 GHz (3 cores),,,,
AMD A8-7600 3.1 GHz (4 cores),,,,
Intel Core i5-2557M 1.7 GHz (2 cores),,,,
Intel Pentium G630 2.7 GHz (2 cores),,,,
Intel Xeon E5-2630L 2.0 GHz (6 cores),,,,
Intel Xeon E5-2609 2.4 GHz (4 cores),,,,
Intel Pentium G640T 2.4 GHz (2 cores),,,,
Intel Core i3-5005U 2.0 GHz (2 cores),,,,
Intel Core i3-3110M 2.4 GHz (2 cores),,,,
Intel Xeon L5640 2.3 GHz (6 cores),,,,
AMD Phenom II X4 975 Black Edition 3.6 GHz (4 cores),,,,
Intel Xeon E5-2609 v3 1.9 GHz (6 cores),,,,
AMD A8-6500 3.5 GHz (4 cores),,,,
AMD A10-5700 3.4 GHz (4 cores),,,,
Intel Celeron G550 2.6 GHz (2 cores),,,,
Intel Xeon E5630 2.5 GHz (4 cores),,,,
Intel Xeon E5-2620 v2 2.1 GHz (6 cores),,,,
Intel Pentium G620 2.6 GHz (2 cores),,,,
Intel Xeon E5645 2.4 GHz (6 cores),,,,
AMD A6-7400K 3.5 GHz (1 core),,,,
Intel Core i3-550 3.2 GHz (2 cores),,,,
AMD A6-6400K 3.9 GHz (2 cores),,,,
AMD FX-8120 3.1 GHz (8 cores),,,,
Intel Xeon X3440 2.5 GHz (4 cores),,,,
AMD FX-4130 3.8 GHz (4 cores),,,,
AMD FX-4100 3.6 GHz (4 cores),,,,
Intel Core i5-580M 2.7 GHz (2 cores),,,,
AMD Phenom II X6 1090T Black Edition 3.2 GHz (6 cores),,,,
Intel Core i7-840QM 1.9 GHz (4 cores),,,,
Intel Core i7-920XM 2.0 GHz (4 cores),,,,
AMD FX-6100 3.3 GHz (6 cores),,,,
Intel Xeon E5-2620 2.0 GHz (6 cores),,,,
Intel Xeon E5540 2.5 GHz (4 cores),,,,
AMD FX - 770K 3.5 GHz (2 cores),,,,
Intel Xeon E5-2420 1.9 GHz (6 cores),,,,
AMD Phenom II X4 970 Black Edition 3.5 GHz (4 cores),,,,
Intel Pentium 2020M 2.4 GHz (2 cores),,,,
AMD FX-4200 3.3 GHz (4 cores),,,,
AMD A8-5500B 3.2 GHz (4 cores),,,,
AMD Athlon X4 740 3.2 GHz (4 cores),,,,
AMD Phenom II X2 565 Black Edition 3.4 GHz (2 cores),,,,
Intel Celeron G1610T 2.3 GHz (2 cores),,,,
AMD A10-5800B 3.8 GHz (4 cores),,,,
Intel Core i7-620M 2.7 GHz (2 cores),,,,
Intel Xeon E5620 2.4 GHz (4 cores),,,,
AMD Phenom II X6 1075T 3.0 GHz (6 cores),,,,
AMD A8-5500 3.2 GHz (4 cores),,,,
AMD Athlon II X4 559 3.4 GHz (4 cores),,,,
Intel Core i3-4030U 1.9 GHz (2 cores),,,,
Intel Core i3-540 3.1 GHz (2 cores),,,,
AMD Phenom II X4 960T 3.0 GHz (4 cores),,,,
AMD PRO A12-8800B 2.1 GHz (4 cores),,,,
AMD Phenom II X4 965 Black Edition 3.4 GHz (4 cores),,,,
Intel Xeon E5530 2.4 GHz (8 cores),,,,
AMD A6-6420K 4.0 GHz (2 cores),,,,
Intel Core 2 Duo E8600 3.3 GHz (2 cores),,,,
Intel Pentium G645T 2.5 GHz (2 cores),,,,
Intel Celeron G530 2.4 GHz (2 cores),,,,
AMD Opteron 3365 2.3 GHz (8 cores),,,,
AMD A6-5400B 3.6 GHz (2 cores),,,,
AMD Phenom II X6 1055T 2.8 GHz (6 cores),,,,
Intel Xeon L5520 2.3 GHz (4 cores),,,,
Intel Xeon X5482 3.2 GHz (4 cores),,,,
AMD A4-6300 3.7 GHz (2 cores),,,,
AMD A4-7300 3.8 GHz (2 cores),,,,
Intel Celeron G540 2.5 GHz (2 cores),,,,
Intel Core i5-560M 2.7 GHz (2 cores),,,,
Intel Xeon L3426 1.9 GHz (4 cores),,,,
AMD Phenom II X4 B97 3.2 GHz (4 cores),,,,
Intel Core i3-530 2.9 GHz (2 cores),,,,
Intel Core i3-2370M 2.4 GHz (2 cores),,,,
Intel Core i5-4210Y 1.5 GHz (2 cores),,,,
Intel Core 2 Extreme X9650 3.0 GHz (4 cores),,,,
Intel Xeon E5-2640 v2 2.0 GHz (8 cores),,,,
Intel Core i3-3130M 2.6 GHz (2 cores),,,,
Intel Xeon X3430 2.4 GHz (4 cores),,,,
AMD Phenom II X4 955 Black Edition 3.2 GHz (4 cores),,,,
Intel Core 2 Duo E8500 3.2 GHz (2 cores),,,,
Intel Xeon X5460 3.2 GHz (4 cores),,,,
Intel Core i3-2350M 2.3 GHz (2 cores),,,,
Intel Pentium 3805U 1.9 GHz (2 cores),,,,
Intel Xeon E5520 2.3 GHz (4 cores),,,,
AMD Phenom II X2 511 3.4 GHz (2 cores),,,,
AMD Phenom II X2 555 Black Edition 3.2 GHz (2 cores),,,,
AMD A6-5400K 3.6 GHz (2 cores),,,,
AMD FX-9800P 2.7 GHz (4 cores),,,,
Intel Xeon E5472 3.0 GHz (4 cores),,,,
Intel Pentium B970 2.3 GHz (2 cores),,,,
AMD Phenom II X2 560 Black Edition 3.3 GHz (2 cores),,,,
Intel Core 2 Quad Q9650 3.0 GHz (4 cores),,,,
AMD A12-9700P 1.8 GHz (4 cores),,,,
Intel Core i3-2312M 2.1 GHz (2 cores),,,,
Intel Core i3-2330M 2.2 GHz (2 cores),,,,
Intel Pentium B980 2.4 GHz (2 cores),,,,
AMD A4-5300 3.4 GHz (2 cores),,,,
Intel Pentium G6951 2.8 GHz (2 cores),,,,
AMD Phenom II X4 B95 3.0 GHz (4 cores),,,,
Intel Xeon E5450 3.0 GHz (4 cores),,,,
Intel Core i3-2328M 2.2 GHz (2 cores),,,,
Intel Pentium G630T 2.3 GHz (2 cores),,,,
Intel Core i5-4202Y 1.6 GHz (2 cores),,,,
Intel Xeon X3370 3.0 GHz (4 cores),,,,
Intel Xeon E5-2603 v3 1.6 GHz (6 cores),,,,
AMD A8-8600P 1.6 GHz (4 cores),,,,
Intel Xeon E3110 3.0 GHz (2 cores),,,,
AMD FX-8100 2.8 GHz (8 cores),,,,
Intel Xeon X5450 3.0 GHz (4 cores),,,,
Intel Core i3-4010U 1.7 GHz (2 cores),,,,
Intel Core i3-2348M 2.3 GHz (2 cores),,,,
AMD Phenom II X2 550 Black Edition 3.1 GHz (2 cores),,,,
Intel Core i3-2310M 2.1 GHz (2 cores),,,,
Intel Pentium 3825U 1.9 GHz (2 cores),,,,
AMD FX-7600P 2.7 GHz (4 cores),,,,
Intel Core 2 Duo E8400 3.0 GHz (2 cores),,,,
AMD Athlon II X2 270 3.4 GHz (2 cores),,,,
Intel Xeon X5472 3.0 GHz (4 cores),,,,
AMD Phenom II X2 B55 3.0 GHz (2 cores),,,,
Intel Core i5-540M 2.5 GHz (2 cores),,,,
Intel Core 2 Extreme Q9300 2.5 GHz (4 cores),,,,
AMD Athlon II X3 460 3.4 GHz (3 cores),,,,
Intel Core i3-4005U 1.7 GHz (2 cores),,,,
AMD Phenom II X4 945 3.0 GHz (4 cores),,,,
Intel Core i7-740QM 1.7 GHz (4 cores),,,,
Intel Core i5-2467M 1.6 GHz (2 cores),,,,
AMD Athlon II X2 265 3.3 GHz (2 cores),,,,
AMD FX-8800P 2.1 GHz (4 cores),,,,
Intel Xeon E5-2407 2.2 GHz (4 cores),,,,
AMD Phenom II X2 521 3.5 GHz (2 cores),,,,
Intel Pentium G6950 2.8 GHz (2 cores),,,,
Intel Core i5-480M 2.7 GHz (2 cores),,,,
Intel Pentium E6700 3.2 GHz (2 cores),,,,
Intel Xeon X3360 2.8 GHz (4 cores),,,,
Intel Core 2 Extreme Q6850 3.0 GHz (4 cores),,,,
AMD A10-9600P 2.4 GHz (4 cores),,,,
AMD Athlon X2 340 3.2 GHz (1 core),,,,
Intel Core 2 Duo T9900 3.1 GHz (2 cores),,,,
Intel Xeon E5440 2.8 GHz (4 cores),,,,
Intel Core i7-640LM 2.1 GHz (2 cores),,,,
AMD A9-9410 2.9 GHz (2 cores),,,,
Intel Core i7-720QM 1.6 GHz (4 cores),,,,
AMD Athlon II X2 280 3.6 GHz (2 cores),,,,
Intel Core i5-520M 2.4 GHz (2 cores),,,,
Intel Core 2 Quad Q9550 2.8 GHz (4 cores),,,,
Intel Core 2 Quad Q9500 2.8 GHz (4 cores),,,,
AMD Phenom II X4 830 2.8 GHz (4 cores),,,,
Intel Core 2 Extreme X9100 3.1 GHz (2 cores),,,,
Intel Core i3-390M 2.7 GHz (2 cores),,,,
AMD A10-5750M 2.5 GHz (4 cores),,,,
AMD Athlon II X4 651 3.0 GHz (4 cores),,,,
Intel Pentium B960 2.2 GHz (2 cores),,,,
Intel Pentium 3556U 1.7 GHz (2 cores),,,,
Intel Xeon E5507 2.3 GHz (4 cores),,,,
Intel Xeon E5462 2.8 GHz (4 cores),,,,
AMD Athlon II X4 650 3.2 GHz (4 cores),,,,
AMD Athlon II X2 260 3.2 GHz (2 cores),,,,
Intel Pentium E6600 3.1 GHz (2 cores),,,,
Intel Core i3-3227U 1.9 GHz (2 cores),,,,
Intel Xeon L5639 2.1 GHz (6 cores),,,,
Intel Core 2 Quad Q9505 2.8 GHz (4 cores),,,,
Intel Core i5-3339Y 1.5 GHz (2 cores),,,,
AMD Athlon II X3 450 3.2 GHz (3 cores),,,,
AMD Phenom II X4 840 3.2 GHz (4 cores),,,,
Intel Core 2 Duo T9800 2.9 GHz (2 cores),,,,
AMD Phenom II X4 820 2.8 GHz (4 cores),,,,
Intel Xeon E5649 2.5 GHz (6 cores),,,,
AMD Athlon II X3 455 3.3 GHz (3 cores),,,,
Intel Celeron 1005M 1.9 GHz (2 cores),,,,
Intel Core 2 Duo P9700 2.8 GHz (2 cores),,,,
Intel Pentium E6800 3.3 GHz (2 cores),,,,
AMD Phenom II X4 925 2.8 GHz (4 cores),,,,
Intel Core 2 Duo E7600 3.1 GHz (2 cores),,,,
AMD Phenom II X4 940 Black Edition 3.0 GHz (4 cores),,,,
AMD Athlon II X2 255 3.1 GHz (2 cores),,,,
Intel Xeon X3350 2.7 GHz (4 cores),,,,
AMD A8-3870 3.0 GHz (4 cores),,,,
AMD Athlon II X2 B24 3.0 GHz (2 cores),,,,
AMD Phenom II X3 720 2.8 GHz (3 cores),,,,
AMD A4-4000 3.0 GHz (2 cores),,,,
Intel Core 2 Duo E6850 3.0 GHz (2 cores),,,,
AMD Phenom II X4 B40 3.0 GHz (4 cores),,,,
Intel Core 2 Duo E7500 2.9 GHz (2 cores),,,,
Intel Pentium B950 2.1 GHz (2 cores),,,,
AMD Athlon II X4 645 3.1 GHz (4 cores),,,,
AMD Phenom II X4 B35 2.9 GHz (4 cores),,,,
Intel Pentium B940 2.0 GHz (2 cores),,,,
Intel Core i7-820QM 1.7 GHz (4 cores),,,,
Intel Core i5-4200Y 1.4 GHz (2 cores),,,,
Intel Core 2 Duo E8300 2.8 GHz (2 cores),,,,
Intel Core 2 Extreme Q6800 2.9 GHz (4 cores),,,,
Intel Core i3-4020Y 1.5 GHz (2 cores),,,,
AMD A10-5757M 2.5 GHz (4 cores),,,,
AMD A8-3850 2.9 GHz (4 cores),,,,
AMD Phenom II X2 N640 2.9 GHz (2 cores),,,,
Intel Core i5-460M 2.5 GHz (2 cores),,,,
AMD A8-5557M 2.1 GHz (4 cores),,,,
Intel Core i5-450M 2.4 GHz (2 cores),,,,
Intel Core 2 Duo T9600 2.8 GHz (2 cores),,,,
AMD Athlon II X4 641 2.8 GHz (4 cores),,,,
Intel Core 2 Duo P9600 2.7 GHz (2 cores),,,,
Intel Celeron 3215U 1.7 GHz (2 cores),,,,
Intel Core 2 Quad Q9450 2.7 GHz (4 cores),,,,
AMD A10-7400P 2.5 GHz (4 cores),,,,
Intel Xeon X5365 3.0 GHz (4 cores),,,,
Intel Xeon E5430 2.7 GHz (4 cores),,,,
AMD A6-5350M 2.9 GHz (2 cores),,,,
Intel Pentium E5800 3.2 GHz (2 cores),,,,
AMD Opteron 6276 2.3 GHz (16 cores),,,,
Intel Pentium 2127U 1.9 GHz (2 cores),,,,
AMD Athlon II X3 440 3.0 GHz (3 cores),,,,
AMD Athlon II X3 445 3.1 GHz (3 cores),,,,
Intel Core 2 Duo E8435 3.1 GHz (2 cores),,,,
AMD A4-5150M 2.7 GHz (2 cores),,,,
Intel Xeon E5-2603 1.8 GHz (4 cores),,,,
Intel Core i3-3217U 1.8 GHz (2 cores),,,,
AMD Athlon II X4 640 3.0 GHz (4 cores),,,,
Intel Celeron G555 2.7 GHz (2 cores),,,,
Intel Core 2 Quad Q9400 2.7 GHz (4 cores),,,,
AMD Phenom II X4 910e 2.6 GHz (4 cores),,,,
AMD A6-5357M 2.9 GHz (2 cores),,,,
Intel Celeron 1000M 1.8 GHz (2 cores),,,,
AMD Athlon II X2 4450e 2.8 GHz (2 cores),,,,
Intel Core 2 Duo E8235 2.8 GHz (2 cores),,,,
Intel Xeon E7-4830 2.1 GHz (8 cores),,,,
Intel Celeron B840 1.9 GHz (2 cores),,,,
Intel Core 2 Duo E8135 2.7 GHz (2 cores),,,,
AMD A6-3670 2.7 GHz (4 cores),,,,
AMD PRO A10-8700B 1.8 GHz (4 cores),,,,
AMD A4-4020 3.2 GHz (2 cores),,,,
AMD Athlon II X4 635 2.9 GHz (4 cores),,,,
AMD Athlon II X2 250 3.0 GHz (2 cores),,,,
AMD A10-8700P 1.8 GHz (4 cores),,,,
Intel Core 2 Duo E8200 2.7 GHz (2 cores),,,,
AMD Athlon II X2 245 2.9 GHz (2 cores),,,,
AMD Phenom II X4 B25 2.7 GHz (4 cores),,,,
AMD Athlon II X2 B22 2.8 GHz (2 cores),,,,
AMD A10-4600M 2.3 GHz (4 cores),,,,
AMD PRO A8-8600B 1.6 GHz (4 cores),,,,
AMD Phenom II X2 545 3.0 GHz (2 cores),,,,
Intel Core 2 Quad Q8400 2.7 GHz (4 cores),,,,
Intel Core 2 Duo T9550 2.7 GHz (2 cores),,,,
Intel Pentium 2117U 1.8 GHz (2 cores),,,,
AMD A6-9210 1.4 GHz (2 cores),,,,
AMD Phenom II X2 N660 3.0 GHz (2 cores),,,,
Intel Xeon 5160 3.0 GHz (2 cores),,,,
AMD Phenom II X4 810 2.6 GHz (4 cores),,,,
Intel Celeron 1037U 1.8 GHz (2 cores),,,,
Intel Core i5-430M 2.3 GHz (2 cores),,,,
Intel Core i7-620LM 2.0 GHz (2 cores),,,,
AMD A10 PRO-7350B 2.1 GHz (4 cores),,,,
Intel Core 2 Duo E7400 2.8 GHz (2 cores),,,,
AMD Athlon II X3 435 2.9 GHz (3 cores),,,,
Intel Core i3-380M 2.5 GHz (2 cores),,,,
AMD Phenom II X3 710 2.6 GHz (3 cores),,,,
Intel Xeon L5420 2.5 GHz (4 cores),,,,
AMD Athlon II X4 631 2.6 GHz (4 cores),,,,
AMD Phenom II X4 905e 2.5 GHz (4 cores),,,,
Intel Xeon E5420 2.5 GHz (4 cores),,,,
AMD A8-3820 2.5 GHz (4 cores),,,,
AMD Phenom II X4 920 2.8 GHz (4 cores),,,,
AMD Athlon II X2 240e 2.8 GHz (2 cores),,,,
Intel Core 2 Duo P9500 2.5 GHz (2 cores),,,,
Intel Pentium E6500 2.9 GHz (2 cores),,,,
Intel Pentium E5700 3.0 GHz (2 cores),,,,
AMD A6-3650 2.6 GHz (4 cores),,,,
Intel Core i5-2537M 1.4 GHz (2 cores),,,,
Intel Xeon E5506 2.1 GHz (4 cores),,,,
AMD Phenom II X4 910 2.6 GHz (4 cores),,,,
Intel Pentium E6300 2.8 GHz (2 cores),,,,
AMD Athlon II X2 240 2.8 GHz (2 cores),,,,
AMD Athlon II X4 630 2.8 GHz (4 cores),,,,
Intel Core 2 Duo T9500 2.6 GHz (2 cores),,,,
Intel Celeron B810 1.6 GHz (2 cores),,,,
Intel Xeon E5504 2.0 GHz (4 cores),,,,
Intel Core 2 Quad Q9100 2.3 GHz (4 cores),,,,
AMD A8-5550M 2.1 GHz (4 cores),,,,
Intel Core 2 Quad Q6700 2.7 GHz (4 cores),,,,
Intel Core i3-370M 2.4 GHz (2 cores),,,,
Intel Core 2 Quad Q9300 2.5 GHz (4 cores),,,,
Intel Core 2 Quad Q8300 2.5 GHz (4 cores),,,,
Intel Core 2 Duo P8800 2.7 GHz (2 cores),,,,
Intel Core 2 Duo T9400 2.5 GHz (2 cores),,,,
AMD Athlon II X2 220 2.8 GHz (2 cores),,,,
Intel Celeron 3205U 1.5 GHz (2 cores),,,,
AMD A4-3420 2.8 GHz (2 cores),,,,
AMD FX-7500 2.1 GHz (4 cores),,,,
AMD Phenom II X4 805 2.5 GHz (4 cores),,,,
AMD Athlon II X3 425 2.7 GHz (3 cores),,,,
AMD A8-3800 2.4 GHz (4 cores),,,,
Intel Core 2 Duo E6700 2.7 GHz (2 cores),,,,
AMD A6-4400M 2.7 GHz (2 cores),,,,
AMD Athlon X2 7850 2.8 GHz (2 cores),,,,
Intel Core 2 Duo E7200 2.5 GHz (2 cores),,,,
Intel Core 2 Duo E7300 2.7 GHz (2 cores),,,,
AMD A4-4300M 2.5 GHz (2 cores),,,,
Intel Pentium E5500 2.8 GHz (2 cores),,,,
Intel Xeon E5606 2.1 GHz (4 cores),,,,
AMD A4-3400 2.7 GHz (2 cores),,,,
Intel Celeron 1017U 1.6 GHz (2 cores),,,,
AMD Athlon II X2 215 2.7 GHz (2 cores),,,,
AMD Athlon 64 X2 6400+ 3.2 GHz (2 cores),,,,
Intel Celeron B830 1.8 GHz (2 cores),,,,
AMD Phenom II X2 N620 2.8 GHz (2 cores),,,,
AMD Athlon II X4 620 2.6 GHz (4 cores),,,,
Intel Core 2 Duo P8700 2.5 GHz (2 cores),,,,
AMD Athlon X2 7750 Black Edition 2.7 GHz (2 cores),,,,
AMD Turion II Ultra M600 2.4 GHz (2 cores),,,,
Intel Core 2 Duo E6750 2.7 GHz (2 cores),,,,
Intel Core i3-350M 2.3 GHz (2 cores),,,,
Intel Core 2 Quad Q8200 2.3 GHz (4 cores),,,,
Intel Xeon X5355 2.7 GHz (4 cores),,,,
Intel Core 2 Duo P9400 2.4 GHz (2 cores),,,,
Intel Celeron B820 1.7 GHz (2 cores),,,,
AMD A10-7300 1.9 GHz (4 cores),,,,
Intel Celeron 2955U 1.4 GHz (2 cores),,,,
Intel Celeron G460 1.8 GHz (1 core),,,,
Intel Xeon X3220 2.4 GHz (4 cores),,,,
Intel Pentium E5400 2.7 GHz (2 cores),,,,
AMD A8-4500M 1.9 GHz (4 cores),,,,
Intel Core 2 Duo P8600 2.4 GHz (2 cores),,,,
Intel Pentium N4200 1.1 GHz (4 cores),,,,
Intel Core 2 Quad Q6600 2.4 GHz (4 cores),,,,
AMD Sempron 145 2.8 GHz (1 core),,,,
AMD Athlon II X2 235e 2.7 GHz (2 cores),,,,
AMD Sempron 140 2.7 GHz (1 core),,,,
Intel Pentium P6200 2.1 GHz (2 cores),,,,
AMD Phenom X4 9950 2.6 GHz (4 cores),,,,
Intel Pentium E5300 2.6 GHz (2 cores),,,,
AMD A6-3620 2.2 GHz (4 cores),,,,
Intel Core 2 Duo P7570 2.3 GHz (2 cores),,,,
Intel Core 2 Duo T9300 2.5 GHz (2 cores),,,,
AMD Turion II Ultra M620 2.5 GHz (2 cores),,,,
AMD Phenom X4 9850 2.5 GHz (4 cores),,,,
Intel Core i3-330M 2.1 GHz (2 cores),,,,
AMD A4-3300 2.5 GHz (2 cores),,,,
Intel Core 2 Duo T7800 2.6 GHz (2 cores),,,,
AMD A6-3500 2.1 GHz (3 cores),,,,
AMD Turion II P540 2.4 GHz (2 cores),,,,
AMD Athlon II X4 610e 2.4 GHz (4 cores),,,,
Intel Core 2 Duo E6600 2.4 GHz (2 cores),,,,
Intel Xeon E5345 2.3 GHz (4 cores),,,,
Intel Xeon E5410 2.3 GHz (4 cores),,,,
AMD A8 PRO-7150B 1.9 GHz (4 cores),,,,
Intel Core 2 Duo E6550 2.3 GHz (2 cores),,,,
Intel Celeron 1007U 1.5 GHz (2 cores),,,,
AMD Athlon 64 X2 6000+ 3.0 GHz (2 cores),,,,
Intel Core 2 Duo P8400 2.3 GHz (2 cores),,,,
AMD A8-3530MX 1.9 GHz (4 cores),,,,
AMD A6-3600 2.1 GHz (4 cores),,,,
Intel Celeron J3455 1.5 GHz (4 cores),,,,
Intel Core i7-640UM 1.2 GHz (2 cores),,,,
Intel Core 2 Duo T8300 2.4 GHz (2 cores),,,,
Intel Core 2 Quad Q9000 2.0 GHz (4 cores),,,,
AMD A10-5745M 2.1 GHz (4 cores),,,,
Intel Core 2 Duo P9300 2.3 GHz (2 cores),,,,
AMD Turion II P560 2.5 GHz (2 cores),,,,
Intel Core i3-2377M 1.5 GHz (2 cores),,,,
AMD A8-7100 1.8 GHz (4 cores),,,,
Intel Core 2 Duo P7550 2.3 GHz (2 cores),,,,
Intel Pentium P6100 2.0 GHz (2 cores),,,,
Intel Pentium 997 1.6 GHz (2 cores),,,,
Intel Celeron P4600 2.0 GHz (2 cores),,,,
Intel Celeron B815 1.6 GHz (2 cores),,,,
AMD Phenom X4 9750 2.4 GHz (4 cores),,,,
Intel Pentium E5200 2.5 GHz (2 cores),,,,
Intel Core i3-3229Y 1.4 GHz (2 cores),,,,
Intel Celeron N3350 1.1 GHz (2 cores),,,,
Intel Celeron 887 1.5 GHz (2 cores),,,,
Intel Celeron E3400 2.6 GHz (2 cores),,,,
AMD Turion II P520 2.3 GHz (2 cores),,,,
Intel Core 2 Duo T7700 2.4 GHz (2 cores),,,,
Intel Celeron E3300 2.5 GHz (2 cores),,,,
Intel Xeon 5150 2.7 GHz (2 cores),,,,
Intel Pentium P6000 1.9 GHz (2 cores),,,,
Intel Celeron B800 1.5 GHz (2 cores),,,,
Intel Celeron G440 1.6 GHz (1 core),,,,
Intel Core 2 Duo T7600 2.3 GHz (2 cores),,,,
AMD Phenom X3 8750 2.4 GHz (3 cores),,,,
Intel Core 2 Duo E4700 2.6 GHz (2 cores),,,,
Intel Core 2 Duo P7450 2.1 GHz (2 cores),,,,
AMD Phenom X3 8550 2.2 GHz (3 cores),,,,
Intel Core 2 Extreme X7900 2.8 GHz (2 cores),,,,
Intel Core 2 Extreme X9000 2.8 GHz (2 cores),,,,
Intel Core i3-2367M 1.4 GHz (2 cores),,,,
AMD Phenom II X3 N850 2.2 GHz (3 cores),,,,
AMD Turion II Mobile M520 2.3 GHz (2 cores),,,,
AMD Phenom X4 9600B 2.3 GHz (4 cores),,,,
AMD Phenom X4 9650 2.3 GHz (4 cores),,,,
AMD A8-3520M 1.6 GHz (4 cores),,,,
Intel Core i3-2375M 1.5 GHz (2 cores),,,,
AMD A8-5545M 1.7 GHz (4 cores),,,,
Intel Pentium 987 1.5 GHz (2 cores),,,,
Intel Xeon E5405 2.0 GHz (4 cores),,,,
AMD Phenom II X4 N970 2.2 GHz (4 cores),,,,
Intel Core i3-2365M 1.4 GHz (2 cores),,,,
AMD Phenom X3 8650 2.3 GHz (3 cores),,,,
AMD Turion II Mobile M500 2.2 GHz (2 cores),,,,
AMD E2-3200 2.4 GHz (2 cores),,,,
AMD A10-4655M 2.0 GHz (4 cores),,,,
Intel Xeon X3210 2.1 GHz (4 cores),,,,
Intel Xeon 5140 2.3 GHz (2 cores),,,,
AMD A6-4455M 2.1 GHz (2 cores),,,,
Intel Core 2 Duo T8100 2.1 GHz (2 cores),,,,
AMD A8-3510MX 1.8 GHz (4 cores),,,,
Intel Celeron 877 1.4 GHz (2 cores),,,,
Intel Core 2 Duo L9400 1.9 GHz (2 cores),,,,
Intel Celeron N3450 1.1 GHz (4 cores),,,,
AMD A6-3430MX 1.7 GHz (4 cores),,,,
AMD Athlon 64 X2 5400+ 2.8 GHz (2 cores),,,,
Intel Core 2 Duo T7400 2.2 GHz (2 cores),,,,
Intel Core 2 Duo L9600 2.1 GHz (2 cores),,,,
AMD Athlon X2 5000 2.2 GHz (2 cores),,,,
Intel Core i3-2357M 1.3 GHz (2 cores),,,,
AMD Phenom X4 9550 2.2 GHz (4 cores),,,,
Intel Core 2 Duo E4600 2.4 GHz (2 cores),,,,
Intel Core 2 Duo E6420 2.1 GHz (2 cores),,,,
AMD A6-3410MX 1.6 GHz (4 cores),,,,
Intel Celeron P4500 1.9 GHz (2 cores),,,,
Intel Core 2 Duo P7350 2.0 GHz (2 cores),,,,
AMD Phenom X3 8600B 2.3 GHz (3 cores),,,,
Intel Core 2 Duo T6600 2.2 GHz (2 cores),,,,
Intel Core 2 Duo T7500 2.2 GHz (2 cores),,,,
Intel Pentium E2220 2.4 GHz (2 cores),,,,
AMD Turion II Neo N54L 2.2 GHz (2 cores),,,,
Intel Celeron E3200 2.4 GHz (2 cores),,,,
AMD Athlon 64 X2 5600+ 2.8 GHz (2 cores),,,,
AMD Athlon 64 X2 5200+ 2.6 GHz (2 cores),,,,
AMD A8-3500M 1.5 GHz (4 cores),,,,
AMD Phenom X3 8450 2.1 GHz (3 cores),,,,
AMD A4-3310MX 2.1 GHz (2 cores),,,,
AMD Athlon 5370 2.2 GHz (4 cores),,,,
AMD A4-3320M 2.0 GHz (2 cores),,,,
AMD A4-3305M 1.9 GHz (2 cores),,,,
Intel Core 2 Duo E6400 2.1 GHz (2 cores),,,,
Intel Atom C2750 2.4 GHz (8 cores),,,,
Intel Core 2 Duo T6670 2.2 GHz (2 cores),,,,
AMD Phenom II X3 N830 2.1 GHz (3 cores),,,,
AMD Phenom II X4 N950 2.1 GHz (4 cores),,,,
Intel Pentium T4500 2.3 GHz (2 cores),,,,
AMD A8-7410 2.2 GHz (4 cores),,,,
Intel Core 2 Duo T6570 2.1 GHz (2 cores),,,,
Intel Core 2 Duo E4500 2.2 GHz (2 cores),,,,
AMD Athlon II P360 2.3 GHz (2 cores),,,,
AMD A4-3300M 1.9 GHz (2 cores),,,,
AMD Phenom II X4 N930 2.0 GHz (4 cores),,,,
AMD A6-3420M 1.5 GHz (4 cores),,,,
AMD Athlon X2 5050e 2.6 GHz (2 cores),,,,
AMD A4-3330MX 2.2 GHz (2 cores),,,,
Intel Core 2 Duo T6500 2.1 GHz (2 cores),,,,
Intel Pentium T4400 2.2 GHz (2 cores),,,,
Intel Core 2 Duo T6400 2.0 GHz (2 cores),,,,
Intel Pentium 967 1.3 GHz (2 cores),,,,
Intel Core 2 Duo T5870 2.0 GHz (2 cores),,,,
AMD Athlon 64 X2 5000B 2.6 GHz (2 cores),,,,
Intel Core 2 Duo T7300 2.0 GHz (2 cores),,,,
AMD A8-4555M 1.6 GHz (4 cores),,,,
AMD Sempron M120 2.1 GHz (1 core),,,,
AMD Athlon X2 4850e 2.5 GHz (2 cores),,,,
AMD A4-4355M 1.9 GHz (2 cores),,,,
Intel Celeron T3500 2.1 GHz (2 cores),,,,
AMD Athlon II M320 2.1 GHz (2 cores),,,,
AMD A6-7310 2.0 GHz (4 cores),,,,
Intel Pentium 2129Y 1.1 GHz (2 cores),,,,
AMD Athlon II P340 2.2 GHz (2 cores),,,,
Intel Core 2 Duo T5900 2.2 GHz (2 cores),,,,
AMD Athlon 64 3800+ 2.4 GHz (1 core),,,,
AMD Athlon 64 X2 5000+ 2.6 GHz (2 cores),,,,
AMD A8-6410 2.0 GHz (4 cores),,,,
Intel Pentium T4300 2.1 GHz (2 cores),,,,
Intel Celeron 925 2.3 GHz (1 core),,,,
AMD Athlon X2 5400B 2.8 GHz (2 cores),,,,
Intel Core 2 Duo L9300 1.6 GHz (2 cores),,,,
Intel Core 2 Duo T7250 2.0 GHz (2 cores),,,,
AMD Turion 64 X2 TL-64 2.2 GHz (2 cores),,,,
Intel Core 2 Duo T7200 2.0 GHz (2 cores),,,,
Intel Celeron T3300 2.0 GHz (2 cores),,,,
AMD Athlon II P320 2.1 GHz (2 cores),,,,
AMD E2-3000M 1.8 GHz (2 cores),,,,
AMD A6-3400M 1.4 GHz (4 cores),,,,
AMD A6-6310 1.8 GHz (4 cores),,,,
Intel Core 2 Duo E6320 1.9 GHz (2 cores),,,,
Intel Core 2 Duo E6300 1.9 GHz (2 cores),,,,
Intel Pentium E2200 2.2 GHz (2 cores),,,,
Intel Core 2 Duo T5800 2.0 GHz (2 cores),,,,
AMD Athlon 5350 2.0 GHz (4 cores),,,,
Intel Core 2 Duo E4400 2.0 GHz (2 cores),,,,
Intel Pentium T4200 2.0 GHz (2 cores),,,,
AMD Phenom II X3 P820 1.8 GHz (3 cores),,,,
Intel Core 2 Duo T7100 1.8 GHz (2 cores),,,,
Intel Xeon E5320 1.9 GHz (4 cores),,,,
AMD V120 2.2 GHz (1 core),,,,
Intel Celeron 900 2.2 GHz (1 core),,,,
Intel Pentium N3540 2.2 GHz (4 cores),,,,
Intel Core 2 Duo T5670 1.8 GHz (2 cores),,,,
AMD Athlon II M300 2.0 GHz (2 cores),,,,
AMD A4-7210 1.8 GHz (4 cores),,,,
AMD Turion 64 X2 TL-66 2.3 GHz (2 cores),,,,
AMD Athlon 64 X2 4600+ 2.4 GHz (2 cores),,,,
Intel Core 2 Duo U9600 1.6 GHz (2 cores),,,,
AMD Phenom X4 9150e 1.8 GHz (4 cores),,,,
Intel Celeron J1900 2.0 GHz (4 cores),,,,
AMD Phenom II X3 P840 1.9 GHz (3 cores),,,,
Intel Pentium J3710 1.6 GHz (4 cores),,,,
Intel Atom x7-Z8750 1.6 GHz (4 cores),,,,
Intel Pentium T3400 2.2 GHz (2 cores),,,,
Intel Core 2 Duo T5750 2.0 GHz (2 cores),,,,
Intel Celeron T3100 1.9 GHz (2 cores),,,,
Intel Pentium N3530 2.2 GHz (4 cores),,,,
AMD Phenom II X4 P960 1.8 GHz (4 cores),,,,
Intel Pentium E2180 2.0 GHz (2 cores),,,,
Intel Celeron T3000 1.8 GHz (2 cores),,,,
Intel Atom Z3775 1.5 GHz (4 cores),,,,
Intel Celeron N2840 2.2 GHz (2 cores),,,,
AMD Athlon 64 X2 4400+ 2.2 GHz (2 cores),,,,
Intel Celeron 440 2.0 GHz (1 core),,,,
AMD Athlon 64 X2 4200+ 2.2 GHz (2 cores),,,,
Intel Atom x7-Z8700 1.6 GHz (4 cores),,,,
Intel Core 2 Duo T5850 2.2 GHz (2 cores),,,,
Intel Pentium N3520 2.2 GHz (4 cores),,,,
Intel Core 2 Duo E4300 1.8 GHz (2 cores),,,,
Intel Pentium D 945/950 3.4 GHz (2 cores),,,,
AMD Turion X2 Ultra ZM-84 2.3 GHz (2 cores),,,,
Intel Pentium 3560Y 1.2 GHz (2 cores),,,,
AMD Phenom II X4 P920 1.6 GHz (4 cores),,,,
AMD V140 2.3 GHz (1 core),,,,
AMD Athlon II X2 260u 1.8 GHz (2 cores),,,,
AMD Phenom X4 9600 2.3 GHz (4 cores),,,,
AMD Phenom X4 9500 2.2 GHz (4 cores),,,,
Intel Atom Z3795 1.6 GHz (4 cores),,,,
AMD A6-5200 2.0 GHz (4 cores),,,,
Intel Core i5-470UM 1.3 GHz (2 cores),,,,
AMD Turion 64 X2 TL-62 2.1 GHz (2 cores),,,,
Intel Core 2 Duo T5600 1.8 GHz (2 cores),,,,
Intel Pentium T3200 2.0 GHz (2 cores),,,,
Intel Celeron N2830 2.2 GHz (2 cores),,,,
AMD Turion X2 Ultra Mobile ZM-80 2.1 GHz (2 cores),,,,
Intel Pentium D 840/935/940 3.2 GHz (2 cores),,,,
Intel Celeron 847 1.1 GHz (2 cores),,,,
Intel Celeron N3160 1.6 GHz (4 cores),,,,
Intel Celeron J3160 1.6 GHz (4 cores),,,,
Intel Celeron 560 2.1 GHz (1 core),,,,
Intel Pentium E2160 1.8 GHz (2 cores),,,,
Intel Pentium N3700 1.6 GHz (4 cores),,,,
AMD Athlon X2 4450B 2.3 GHz (2 cores),,,,
Intel Core 2 Duo T5550 1.8 GHz (2 cores),,,,
AMD E2-7110 1.8 GHz (4 cores),,,,
Intel Core 2 Duo U9400 1.4 GHz (2 cores),,,,
Intel Core 2 Duo L7500 1.6 GHz (2 cores),,,,
Intel Atom x5-Z8500 1.4 GHz (4 cores),,,,
AMD Athlon 64 X2 3800+ 2.0 GHz (2 cores),,,,
Intel Celeron N2930 1.8 GHz (4 cores),,,,
Intel Celeron N2807 1.6 GHz (2 cores),,,,
Intel Atom x5-Z8550 1.4 GHz (4 cores),,,,
Intel Celeron N2940 1.8 GHz (4 cores),,,,
AMD Athlon 64 X2 3600+ 2.0 GHz (2 cores),,,,
Intel Celeron T1600 1.7 GHz (2 cores),,,,
Intel Celeron E1400 2.0 GHz (2 cores),,,,
Intel Core i3-380UM 1.3 GHz (2 cores),,,,
AMD Athlon X2 4050e 2.1 GHz (2 cores),,,,
AMD Turion X2 Mobile RM-74 2.2 GHz (2 cores),,,,
AMD Athlon 64 3500+ 2.2 GHz (1 core),,,,
Intel Celeron 540 1.9 GHz (1 core),,,,
Intel Pentium D 830/925/930 3.0 GHz (2 cores),,,,
Intel Celeron 450 2.2 GHz (1 core),,,,
AMD A4-6210 1.8 GHz (4 cores),,,,
AMD Athlon X2 4450e 2.3 GHz (2 cores),,,,
Intel Core 2 Duo T5450 1.7 GHz (2 cores),,,,
Intel Celeron 550 2.0 GHz (1 core),,,,
AMD Turion 64 X2 TL-60 2.0 GHz (2 cores),,,,
Intel Celeron U3600 1.2 GHz (2 cores),,,,
Intel Celeron N2820 2.1 GHz (2 cores),,,,
AMD Athlon 5150 1.6 GHz (4 cores),,,,
AMD Turion II Neo N40L 1.5 GHz (2 cores),,,,
Intel Core 2 Duo T5500 1.7 GHz (2 cores),,,,
Intel Pentium T2390 1.9 GHz (2 cores),,,,
AMD Sempron SI-42 2.1 GHz (1 core),,,,
Intel Core i3-330UM 1.2 GHz (2 cores),,,,
Intel Celeron N3150 1.6 GHz (4 cores),,,,
Intel Pentium U5400 1.2 GHz (2 cores),,,,
AMD Phenom X3 8400 2.1 GHz (3 cores),,,,
AMD Turion 64 X2 TL-58 1.9 GHz (2 cores),,,,
Intel Core 2 Duo U9300 1.2 GHz (2 cores),,,,
AMD Turion X2 Ultra Mobile ZM-82 2.2 GHz (2 cores),,,,
Intel Pentium T2370 1.7 GHz (2 cores),,,,
AMD Turion 64 X2 TL-56 1.8 GHz (2 cores),,,,
Intel Pentium D 820/915/920 2.8 GHz (2 cores),,,,
Intel Celeron 530 1.7 GHz (1 core),,,,
Intel Celeron N3050 1.6 GHz (2 cores),,,,
AMD Athlon 64 X2 4000+ 2.1 GHz (2 cores),,,,
AMD Athlon 64 3200+ 2.0 GHz (1 core),,,,
AMD Athlon II Neo K125 1.7 GHz (1 core),,,,
AMD Turion X2 Mobile RM-70 2.0 GHz (2 cores),,,,
Intel Core 2 Duo T5250 1.5 GHz (2 cores),,,,
AMD Athlon X2 QL-62 2.0 GHz (2 cores),,,,
Intel Celeron 420 1.6 GHz (1 core),,,,
AMD Turion X2 Mobile RM-75 2.2 GHz (2 cores),,,,
Intel Celeron N2815 1.9 GHz (2 cores),,,,
AMD Athlon X2 QL-64 2.1 GHz (2 cores),,,,
Intel Core 2 Duo SU7300 1.3 GHz (2 cores),,,,
Intel Pentium E2140 1.6 GHz (2 cores),,,,
Intel Pentium N3510 2.0 GHz (4 cores),,,,
Intel Core 2 Duo T5300 1.7 GHz (2 cores),,,,
Intel Pentium SU4100 1.3 GHz (2 cores),,,,
AMD E2-6110 1.5 GHz (4 cores),,,,
Intel Celeron 430 1.8 GHz (1 core),,,,
Intel Pentium 4 550/551 3.4 GHz (1 core),,,,
AMD Phenom X4 9100e 1.8 GHz (4 cores),,,,
Intel Celeron E1200 1.6 GHz (2 cores),,,,
AMD Turion X2 Mobile RM-72 2.1 GHz (2 cores),,,,
Intel Core 2 Duo T5270 1.4 GHz (2 cores),,,,
Intel Pentium 4 531/630 3.0 GHz (1 core),,,,
AMD Athlon 64 X2 TK-57 1.9 GHz (2 cores),,,,
Intel Pentium T2310 1.5 GHz (2 cores),,,,
Intel Celeron M ULV 743 1.3 GHz (1 core),,,,
Intel Atom x5-Z8350 1.4 GHz (4 cores),,,,
AMD A4-5000 1.5 GHz (4 cores),,,,
Intel Pentium 4 540/541 3.2 GHz (1 core),,,,
Intel Pentium 4 560/660 3.6 GHz (1 core),,,,
Intel Core 2 Duo L7100 1.2 GHz (2 cores),,,,
AMD Sempron 3850 1.3 GHz (4 cores),,,,
Intel Atom x5-Z8300 1.4 GHz (4 cores),,,,
Intel Celeron N2810 2.0 GHz (2 cores),,,,
Intel Celeron SU2300 1.2 GHz (2 cores),,,,
Intel Pentium 4 511/520/521/620 2.8 GHz (1 core),,,,
Intel Celeron N2910 1.6 GHz (4 cores),,,,
AMD Athlon X2 QL-65 2.1 GHz (2 cores),,,,
AMD Athlon X2 QL-60 1.9 GHz (2 cores),,,,
Intel Celeron M 520 1.6 GHz (1 core),,,,
AMD Athlon Neo X2 L335 1.6 GHz (2 cores),,,,
AMD Athlon Neo MV-40 1.6 GHz (1 core),,,,
AMD Athlon 64 X2 TK-55 1.8 GHz (2 cores),,,,
Intel Pentium T2330 1.6 GHz (2 cores),,,,
AMD Sempron 2650 1.4 GHz (2 cores),,,,
AMD QC-4000 1.3 GHz (4 cores),,,,
AMD Athlon II Neo K325 1.3 GHz (2 cores),,,,
Intel Core 2 Solo U3500 1.4 GHz (1 core),,,,
AMD E2-1800 1.7 GHz (2 cores),,,,
AMD E2-3800 1.3 GHz (4 cores),,,,
AMD Athlon X2 3250e 1.5 GHz (2 cores),,,,
Intel Core 2 Duo U7500 1.1 GHz (2 cores),,,,
AMD E1-7010 1.5 GHz (2 cores),,,,
Intel Pentium D 805 2.7 GHz (2 cores),,,,
AMD E2-2000 1.8 GHz (2 cores),,,,
AMD E-450 1.6 GHz (2 cores),,,,
AMD E1-2500 1.4 GHz (2 cores),,,,
AMD E-350D 1.6 GHz (2 cores),,,,
AMD E-350 1.6 GHz (2 cores),,,,
AMD E1-6015 1.4 GHz (2 cores),,,,
AMD A6-1450 1.0 GHz (4 cores),,,,
AMD E1-6010 1.4 GHz (2 cores),,,,
Intel Pentium 4 519K/524 3.1 GHz (1 core),,,,
AMD E1-1500 1.5 GHz (2 cores),,,,
AMD Athlon TF-20 1.6 GHz (1 core),,,,
AMD Athlon X2 L310 1.2 GHz (2 cores),,,,
AMD E1-1200 1.4 GHz (2 cores),,,,
AMD E-300 1.3 GHz (2 cores),,,,
Intel Atom D2550 1.9 GHz (2 cores),,,,
AMD E-240 1.5 GHz (1 core),,,,
AMD C-70 1.0 GHz (2 cores),,,,
AMD A4-1200 1.0 GHz (2 cores),,,,
Intel Atom D525 1.8 GHz (2 cores),,,,
AMD C-60 1.0 GHz (2 cores),,,,
AMD E1-2100 1.0 GHz (2 cores),,,,
Intel Core 2 Duo U7600 1.2 GHz (2 cores),,,,
AMD A4-1250 1.0 GHz (2 cores),,,,
Intel Atom D510 1.7 GHz (2 cores),,,,
Intel Atom N2600 1.6 GHz (2 cores),,,,
AMD Z-01 1.0 GHz (2 cores),,,,
AMD C-50 1.0 GHz (2 cores),,,,
Intel Atom N570 1.7 GHz (2 cores),,,,
Intel Atom N450 1.7 GHz (1 core),,,,
Intel Atom N455 1.7 GHz (1 core),,,,
Intel Atom N550 1.5 GHz (2 cores),,,,
Intel Atom D410 1.7 GHz (1 core),,,,
Intel Atom 230 1.6 GHz (2 cores),,,,